imdb_id,title,review_url,label
tt0114746,Twelve Monkeys,https://nitrateonline.com/1996/r12monky.html,Nitrate Online
tt0115624,Barb Wire,https://nitrateonline.com/1996/rbarbwir.html,Nitrate Online
tt0115751,Breaking the Waves,https://nitrateonline.com/1996/rbwaves.html,Nitrate Online
tt0112641,Casino,https://nitrateonline.com/1996/rcasino.html,Nitrate Online
tt0112857,Devil in a Blue Dress,https://nitrateonline.com/1996/rdevilb.html,Nitrate Online
tt0116213,Eraser,https://nitrateonline.com/1996/reraser.html,Nitrate Online
tt0116225,Escape from L.A.,https://nitrateonline.com/1996/rescape.html,Nitrate Online
tt0117731,Star Trek: First Contact,https://nitrateonline.com/1996/rfirstcon.html,Nitrate Online
tt0113277,Heat,https://nitrateonline.com/1996/rheat.html,Nitrate Online
tt0119329,The Hunchback of Notre Dame,https://nitrateonline.com/1996/rhunch.html,Nitrate Online
tt0116629,Independence Day,https://nitrateonline.com/1996/rid4.html,Nitrate Online
tt0116695,Jerry Maguire,https://nitrateonline.com/1996/rjmaguire.html,Nitrate Online
tt0116830,Last Man Standing,https://nitrateonline.com/1996/rlastman.html,Nitrate Online
tt0113627,Leaving Las Vegas,https://nitrateonline.com/1996/rllv.html,Nitrate Online
tt0116996,Mars Attacks!,https://nitrateonline.com/1996/rmarsattacks.html,Nitrate Online
tt0117060,Mission Impossible,https://nitrateonline.com/1996/rmi.html,Nitrate Online
tt0095776,Oliver and Company,https://nitrateonline.com/1996/roliver.html,Nitrate Online
tt0114388,Sense and Sensibility,https://nitrateonline.com/1996/rsense.html,Nitrate Online
tt0117591,Seven,https://nitrateonline.com/1996/rseven.html,Nitrate Online
tt0117802,Swingers,https://nitrateonline.com/1996/rswingers.html,Nitrate Online
tt0117500,The Rock,https://nitrateonline.com/1996/rtherock.html,Nitrate Online
tt0220070,Toy Story,https://nitrateonline.com/1996/rtoystry.html,Nitrate Online
tt0117998,Twister,https://nitrateonline.com/1996/rtwister.html,Nitrate Online
tt0114898,Waterworld,https://nitrateonline.com/1996/rwaterwrld.html,Nitrate Online
tt0065214,The Wild Bunch,https://nitrateonline.com/1996/rwildbch.html,Nitrate Online
tt0118571,Air Force One,https://nitrateonline.com/1997/rairforce1.html,Nitrate Online
tt0118583,Alien Resurrection,https://nitrateonline.com/1997/ralien.html,Nitrate Online
tt0118607,Amistad,https://nitrateonline.com/1997/ramistad.html,Nitrate Online
tt0118548,Absolute Power,https://nitrateonline.com/1997/rapower.html,Nitrate Online
tt0118655,Austin Powers - International Man of Mystery,https://nitrateonline.com/1997/raustinp.html,Nitrate Online
tt0061395,Belle De Jour,https://nitrateonline.com/1997/rbdj.html,Nitrate Online
tt0119738,My Best Friend&#x27;s Wedding,https://nitrateonline.com/1997/rbfwedding.html,Nitrate Online
tt0118749,Boogie Nights,https://nitrateonline.com/1997/rboogie.html,Nitrate Online
tt0118884,Contact,https://nitrateonline.com/1997/rcontact.html,Nitrate Online
tt0118887,Cop Land,https://nitrateonline.com/1997/rcopland.html,Nitrate Online
tt0123755,Cube,https://nitrateonline.com/1997/rcube.html,Nitrate Online
tt0119051,The Edge,https://nitrateonline.com/1997/redge.html,Nitrate Online
tt0116225,Escape from L.A.,https://nitrateonline.com/1997/rescape.html,Nitrate Online
tt0217463,Evita,https://nitrateonline.com/1997/revita.html,Nitrate Online
tt0119094,Face/Off,https://nitrateonline.com/1997/rfaceoff.html,Nitrate Online
tt0119116,The Fifth Element,https://nitrateonline.com/1997/rfifthe.html,Nitrate Online
tt0119250,Fireworks,https://nitrateonline.com/1997/rfireworks.html,Nitrate Online
tt0119177,Gattaca,https://nitrateonline.com/1997/rgattaca.html,Nitrate Online
tt0113189,GoldenEye,https://nitrateonline.com/1997/rgldneye.html,Nitrate Online
tt0119822,As Good As It Gets,https://nitrateonline.com/1997/rgoodas.html,Nitrate Online
tt0119229,Grosse Pointe Blank,https://nitrateonline.com/1997/rgpblank.html,Nitrate Online
tt0118954,Deconstructing Harry,https://nitrateonline.com/1997/rharry.html,Nitrate Online
tt0119282,Hercules,https://nitrateonline.com/1997/rhercules.html,Nitrate Online
tt0017463,Year of the Horse,https://nitrateonline.com/1997/rhorse.html,Nitrate Online
tt0119329,The Hunchback of Notre Dame,https://nitrateonline.com/1997/rhunch.html,Nitrate Online
tt0119349,The Ice Storm,https://nitrateonline.com/1997/ricestorm.html,Nitrate Online
tt0119396,Jackie Brown,https://nitrateonline.com/1997/rjackieb.html,Nitrate Online
tt0256524,Jade,https://nitrateonline.com/1997/rjade.html,Nitrate Online
tt0119468,Kiss the Girls,https://nitrateonline.com/1997/rkiss.html,Nitrate Online
tt0119488,L.A. Confidential,https://nitrateonline.com/1997/rlacon.html,Nitrate Online
tt0119528,Liar Liar,https://nitrateonline.com/1997/rliar.html,Nitrate Online
tt0118799,Life is Beautiful,https://nitrateonline.com/1997/rlifebeaut.html,Nitrate Online
tt0138581,The Lost World,https://nitrateonline.com/1997/rlostworld.html,Nitrate Online
tt0119698,M,https://nitrateonline.com/1997/rm.html,Nitrate Online
tt0116996,Mars Attacks!,https://nitrateonline.com/1997/rmarsattacks.html,Nitrate Online
tt0097757,The Little Mermaid,https://nitrateonline.com/1997/rmermaid.html,Nitrate Online
tt0119654,Men in Black,https://nitrateonline.com/1997/rmib.html,Nitrate Online
tt0119675,Mimic,https://nitrateonline.com/1997/rmimic.html,Nitrate Online
tt0119715,Mouse Hunt,https://nitrateonline.com/1997/rmousehunt.html,Nitrate Online
tt0122474,Nixon,https://nitrateonline.com/1997/rnixon.html,Nitrate Online
tt0081246,Nothing Personal,https://nitrateonline.com/1997/rnpersonal.html,Nitrate Online
tt0095776,Oliver and Company,https://nitrateonline.com/1997/roliver.html,Nitrate Online
tt0119874,The Peacemaker,https://nitrateonline.com/1997/rpeacemaker.html,Nitrate Online
tt0119978,John Grisham&#x27;s The Rainmaker,https://nitrateonline.com/1997/rrainmaker.html,Nitrate Online
tt0165456,Sabrina,https://nitrateonline.com/1997/rsabrina.html,Nitrate Online
tt0120082,Scream 2,https://nitrateonline.com/1997/rscream.html,Nitrate Online
tt0114436,Showgirls,https://nitrateonline.com/1997/rshowgrl.html,Nitrate Online
tt0120176,The Spanish Prisoner,https://nitrateonline.com/1997/rspanish.html,Nitrate Online
tt0120201,Starship Troopers,https://nitrateonline.com/1997/rstarship.html,Nitrate Online
tt0119345,I Know What You Did Last Summer,https://nitrateonline.com/1997/rsummer.html,Nitrate Online
tt0120347,Tomorrow Never Dies,https://nitrateonline.com/1997/rtomorrow.html,Nitrate Online
tt15523050,Unzipped,https://nitrateonline.com/1997/runzipped.html,Nitrate Online
tt0120399,U-Turn,https://nitrateonline.com/1997/ruturn.html,Nitrate Online
tt0120885,Wag The Dog,https://nitrateonline.com/1997/rwag.html,Nitrate Online
tt0120577,54,https://nitrateonline.com/1998/r54.html,Nitrate Online
tt0118571,Air Force One,https://nitrateonline.com/1998/rairforce1.html,Nitrate Online
tt0120587,Antz,https://nitrateonline.com/1998/rantz.html,Nitrate Online
tt0118636,Apt Pupil,https://nitrateonline.com/1998/raptpupil.html,Nitrate Online
tt0120591,Armageddon,https://nitrateonline.com/1998/rarmaged.html,Nitrate Online
tt0118655,Austin Powers - International Man of Mystery,https://nitrateonline.com/1998/raustinp.html,Nitrate Online
tt0144120,Bride of Chucky,https://nitrateonline.com/1998/rbchucky.html,Nitrate Online
tt0310149,Blade,https://nitrateonline.com/1998/rblade.html,Nitrate Online
tt0050783,Nights of Cabiria,https://nitrateonline.com/1998/rcabiria.html,Nitrate Online
tt0120533,Celebrity,https://nitrateonline.com/1998/rcelebrity.html,Nitrate Online
tt0140888,Central Station,https://nitrateonline.com/1998/rcentral.html,Nitrate Online
tt0118929,Dark City,https://nitrateonline.com/1998/rdarkcity.html,Nitrate Online
tt0120647,Deep Impact,https://nitrateonline.com/1998/rdeepimpact.html,Nitrate Online
tt0118956,Deep Rising,https://nitrateonline.com/1998/rdeepris.html,Nitrate Online
tt0142231,Down in the Delta,https://nitrateonline.com/1998/rdelta.html,Nitrate Online
tt0134619,Disturbing Behavior,https://nitrateonline.com/1998/rdisturbing.html,Nitrate Online
tt0120889,What Dreams May Come,https://nitrateonline.com/1998/rdreams.html,Nitrate Online
tt0119051,The Edge,https://nitrateonline.com/1998/redge.html,Nitrate Online
tt0127536,Elizabeth,https://nitrateonline.com/1998/relizabeth.html,Nitrate Online
tt0116225,Escape from L.A.,https://nitrateonline.com/1998/rescape.html,Nitrate Online
tt0133751,The Faculty,https://nitrateonline.com/1998/rfaculty.html,Nitrate Online
tt0120669,Fear and Loathing in Las Vegas,https://nitrateonline.com/1998/rfllv.html,Nitrate Online
tt0120684,Gods and Monsters,https://nitrateonline.com/1998/rgodmon.html,Nitrate Online
tt0120685,Godzilla,https://nitrateonline.com/1998/rgodzilla.html,Nitrate Online
tt0119229,Grosse Pointe Blank,https://nitrateonline.com/1998/rgpblank.html,Nitrate Online
tt0169364,Gone With The Wind,https://nitrateonline.com/1998/rgwtw.html,Nitrate Online
tt0120694,Halloween H20,https://nitrateonline.com/1998/rh20.html,Nitrate Online
tt0147612,Happiness,https://nitrateonline.com/1998/rhappiness.html,Nitrate Online
tt0120696,Hard Rain,https://nitrateonline.com/1998/rhardrain.html,Nitrate Online
tt0150915,Hilary and Jackie,https://nitrateonline.com/1998/rhiljack.html,Nitrate Online
tt0119349,The Ice Storm,https://nitrateonline.com/1998/ricestorm.html,Nitrate Online
tt0120744,The Man in the Iron Mask,https://nitrateonline.com/1998/rironmask.html,Nitrate Online
tt0141109,Jack Frost,https://nitrateonline.com/1998/rjfrost.html,Nitrate Online
tt0119643,Meet Joe Black,https://nitrateonline.com/1998/rjoeblack.html,Nitrate Online
tt0120724,Knock Off,https://nitrateonline.com/1998/rknockoff.html,Nitrate Online
tt0119488,L.A. Confidential,https://nitrateonline.com/1998/rlacon.html,Nitrate Online
tt0130018,I Still Know What You Did Last Summer,https://nitrateonline.com/1998/rlastsum.html,Nitrate Online
tt0118715,The Big Lebowski,https://nitrateonline.com/1998/rlebowski.html,Nitrate Online
tt0122151,Lethal Weapon 4,https://nitrateonline.com/1998/rlethalwep4.html,Nitrate Online
tt0120738,Lost in Space,https://nitrateonline.com/1998/rlostinspace.html,Nitrate Online
tt0138581,The Lost World,https://nitrateonline.com/1998/rlostworld.html,Nitrate Online
tt0116996,Mars Attacks!,https://nitrateonline.com/1998/rmarsattacks.html,Nitrate Online
tt0119675,Mimic,https://nitrateonline.com/1998/rmimic.html,Nitrate Online
tt0120762,Mulan,https://nitrateonline.com/1998/rmulan.html,Nitrate Online
tt0120780,Out of Sight,https://nitrateonline.com/1998/routsight.html,Nitrate Online
tt0119942,Primary Colors,https://nitrateonline.com/1998/rpcolors.html,Nitrate Online
tt0120794,The Prince of Egypt,https://nitrateonline.com/1998/rpegypt.html,Nitrate Online
tt0120915,Phantoms,https://nitrateonline.com/1998/rphantom.html,Nitrate Online
tt0138704,Pi,https://nitrateonline.com/1998/rpi.html,Nitrate Online
tt0120791,Practical Magic,https://nitrateonline.com/1998/rpmagic.html,Nitrate Online
tt0120815,Saving Private Ryan,https://nitrateonline.com/1998/rprivateryan.html,Nitrate Online
tt0120789,Pleasantville,https://nitrateonline.com/1998/rpsntville.html,Nitrate Online
tt0155975,Psycho,https://nitrateonline.com/1998/rpsycho.html,Nitrate Online
tt0122690,Ronin,https://nitrateonline.com/1998/rronin.html,Nitrate Online
tt0128442,Rounders,https://nitrateonline.com/1998/rrounders.html,Nitrate Online
tt0120812,Rush Hour,https://nitrateonline.com/1998/rrushhour.html,Nitrate Online
tt0128445,Rushmore,https://nitrateonline.com/1998/rrushmore.html,Nitrate Online
tt0165456,Sabrina,https://nitrateonline.com/1998/rsabrina.html,Nitrate Online
tt0138097,Shakespeare in Love,https://nitrateonline.com/1998/rshakespeare.html,Nitrate Online
tt0133952,The Siege,https://nitrateonline.com/1998/rsiege.html,Nitrate Online
tt0120148,Sliding Doors,https://nitrateonline.com/1998/rsliding.html,Nitrate Online
tt0120832,Snake Eyes,https://nitrateonline.com/1998/rsnakeeyes.html,Nitrate Online
tt0120176,The Spanish Prisoner,https://nitrateonline.com/1998/rspanish.html,Nitrate Online
tt4641828,Spawn,https://nitrateonline.com/1998/rspawn.html,Nitrate Online
tt0120841,Species II,https://nitrateonline.com/1998/rspecies2.html,Nitrate Online
tt0120184,Sphere,https://nitrateonline.com/1998/rsphere.html,Nitrate Online
tt0120324,A Simple Plan,https://nitrateonline.com/1998/rsplan.html,Nitrate Online
tt0122718,Small Soldiers,https://nitrateonline.com/1998/rssoldiers.html,Nitrate Online
tt0120844,Star Trek - Insurrection,https://nitrateonline.com/1998/rst-insur.html,Nitrate Online
tt0120201,Starship Troopers,https://nitrateonline.com/1998/rstarship.html,Nitrate Online
tt0120347,Tomorrow Never Dies,https://nitrateonline.com/1998/rtomorrow.html,Nitrate Online
tt0120382,The Truman Show,https://nitrateonline.com/1998/rtrumanshow.html,Nitrate Online
tt0192731,Urban Legend,https://nitrateonline.com/1998/rurban.html,Nitrate Online
tt0120879,Velvet Goldmine,https://nitrateonline.com/1998/rvelvetgold.html,Nitrate Online
tt0120484,The Waterboy,https://nitrateonline.com/1998/rwaterboy.html,Nitrate Online
tt0295700,Wrongfully Accused,https://nitrateonline.com/1998/rwrong.html,Nitrate Online
tt0120902,The X-Files,https://nitrateonline.com/1998/rxfiles.html,Nitrate Online
tt0120906,Zero Effect,https://nitrateonline.com/1998/rzeroeff.html,Nitrate Online
tt0120746,The Mask of Zorro,https://nitrateonline.com/1998/rzorro.html,Nitrate Online
tt0147800,10 Things I Hate About You,https://nitrateonline.com/1999/r10things.html,Nitrate Online
tt0139809,The Thirteenth Floor,https://nitrateonline.com/1999/r13thfloor.html,Nitrate Online
tt0150377,Double Jeopardy,https://nitrateonline.com/1999/r2jeopardy.html,Nitrate Online
tt0120188,Three Kings,https://nitrateonline.com/1999/r3kings.html,Nitrate Online
tt0138874,Three Seasons,https://nitrateonline.com/1999/r3seasons.html,Nitrate Online
tt0167404,The Sixth Sense,https://nitrateonline.com/1999/r6thsense.html,Nitrate Online
tt0134273,8 MM,https://nitrateonline.com/1999/r8mm.html,Nitrate Online
tt0160509,Agnes Browne,https://nitrateonline.com/1999/ragnes.html,Nitrate Online
tt0169547,American Beauty,https://nitrateonline.com/1999/rambeaut.html,Nitrate Online
tt0163651,American Pie,https://nitrateonline.com/1999/ramerpie.html,Nitrate Online
tt0163651,American Pie,https://nitrateonline.com/1999/ramerpie2.html,Nitrate Online
tt0289848,Analyze This,https://nitrateonline.com/1999/ranalyze.html,Nitrate Online
tt0145660,Austin Powers: The Spy Who Shagged Me,https://nitrateonline.com/1999/rapowers2.html,Nitrate Online
tt0137363,Arlington Road,https://nitrateonline.com/1999/rarlingrd.html,Nitrate Online
tt0137439,Autumn Tale,https://nitrateonline.com/1999/rautumntale.html,Nitrate Online
tt0257438,Beyond the Clouds,https://nitrateonline.com/1999/rbclouds.html,Nitrate Online
tt0168501,The Best Man,https://nitrateonline.com/1999/rbestman.html,Nitrate Online
tt0182789,BiCentennial Man,https://nitrateonline.com/1999/rbicent.html,Nitrate Online
tt0142342,Big Daddy,https://nitrateonline.com/1999/rbigdaddy.html,Nitrate Online
tt0185937,The Blair Witch Project,https://nitrateonline.com/1999/rblair.html,Nitrate Online
tt0143145,The World is Not Enough,https://nitrateonline.com/1999/rbond.html,Nitrate Online
tt0166110,The Bone Collector,https://nitrateonline.com/1999/rbones.html,Nitrate Online
tt0131325,Bowfinger,https://nitrateonline.com/1999/rbowfinger.html,Nitrate Online
tt0186508,Buena Vista Social Club,https://nitrateonline.com/1999/rbuenavista.html,Nitrate Online
tt0124315,Cider House Rules,https://nitrateonline.com/1999/rciderhouse.html,Nitrate Online
tt0306685,The Cradle Will Rock,https://nitrateonline.com/1999/rcradle.html,Nitrate Online
tt0155267,The Thomas Crown Affair,https://nitrateonline.com/1999/rcrown.html,Nitrate Online
tt0139134,Cruel Intentions,https://nitrateonline.com/1999/rcruel.html,Nitrate Online
tt0149261,Deep Blue Sea,https://nitrateonline.com/1999/rdeep.html,Nitrate Online
tt0250323,Deep End of the Ocean,https://nitrateonline.com/1999/rdeepend.html,Nitrate Online
tt0144168,Dick,https://nitrateonline.com/1999/rdick.html,Nitrate Online
tt0160216,A Dog of Flanders,https://nitrateonline.com/1999/rdog.html,Nitrate Online
tt0120655,Dogma,https://nitrateonline.com/1999/rdogma.html,Nitrate Online
tt0425774,Dreamers,https://nitrateonline.com/1999/rdreamers.html,Nitrate Online
tt0164114,Drive Me Crazy,https://nitrateonline.com/1999/rdrive.html,Nitrate Online
tt0157503,Drop Dead Gorgeous,https://nitrateonline.com/1999/rdropdead.html,Nitrate Online
tt0164181,Stir of Echoes,https://nitrateonline.com/1999/rechoes1.html,Nitrate Online
tt0164181,Stir of Echoes,https://nitrateonline.com/1999/rechoes2.html,Nitrate Online
tt1878870,The Edge of Seventeen,https://nitrateonline.com/1999/redge17.html,Nitrate Online
tt0126886,Election,https://nitrateonline.com/1999/relection.html,Nitrate Online
tt0146675,End of Days,https://nitrateonline.com/1999/rendofdays.html,Nitrate Online
tt0137494,Entrapment,https://nitrateonline.com/1999/rentrap.html,Nitrate Online
tt0137494,Entrapment,https://nitrateonline.com/1999/rentrap2.html,Nitrate Online
tt0120663,Eyes Wide Shut,https://nitrateonline.com/1999/rews.html,Nitrate Online
tt0120907,eXistenZ,https://nitrateonline.com/1999/rexistenz.html,Nitrate Online
tt0137523,Fight Club,https://nitrateonline.com/1999/rfightclub.html,Nitrate Online
tt0155711,Flawless,https://nitrateonline.com/1999/rflawless.html,Nitrate Online
tt0177789,Galaxy Quest,https://nitrateonline.com/1999/rgalaxy.html,Nitrate Online
tt0172493,Girl Interrupted,https://nitrateonline.com/1999/rgirlinter.html,Nitrate Online
tt0120683,Gloria,https://nitrateonline.com/1999/rgloria.html,Nitrate Online
tt0120689,The Green Mile,https://nitrateonline.com/1999/rgmile.html,Nitrate Online
tt0139239,Go,https://nitrateonline.com/1999/rgo.html,Nitrate Online
tt0171363,The Haunting,https://nitrateonline.com/1999/rhaunting.html,Nitrate Online
tt0144715,Holy Smoke,https://nitrateonline.com/1999/rholysmoke.html,Nitrate Online
tt0122541,Ideal Husband,https://nitrateonline.com/1999/ridealhub.html,Nitrate Online
tt0140352,The Insider,https://nitrateonline.com/1999/rinsider.html,Nitrate Online
tt0129167,Iron Giant,https://nitrateonline.com/1999/rirongiant.html,Nitrate Online
tt0155776,Jawbreaker,https://nitrateonline.com/1999/rjawbreak.html,Nitrate Online
tt0151137,The Messenger: The Story of Joan of Arc,https://nitrateonline.com/1999/rjoanarc.html,Nitrate Online
tt0120601,Being John Malkovich,https://nitrateonline.com/1999/rjohnmal.html,Nitrate Online
tt0139414,Lake Placid,https://nitrateonline.com/1999/rlakeplacid.html,Nitrate Online
tt0170351,The Last Days,https://nitrateonline.com/1999/rlastdays.html,Nitrate Online
tt0120731,Legend of 1900,https://nitrateonline.com/1999/rlegend.html,Nitrate Online
tt0172726,Light it Up,https://nitrateonline.com/1999/rlight.html,Nitrate Online
tt0165854,The Limey,https://nitrateonline.com/1999/rlimey.html,Nitrate Online
tt0120735,"Lock, Stock, and Two Smoking Barrels",https://nitrateonline.com/1999/rlockstock.html,Nitrate Online
tt0166252,The Love Letter,https://nitrateonline.com/1999/rloveletter.html,Nitrate Online
tt0234215,The Matrix,https://nitrateonline.com/1999/rmatrix.html,Nitrate Online
tt0130121,Mickey Blue Eyes,https://nitrateonline.com/1999/rmickey.html,Nitrate Online
tt0151582,The Minus Man,https://nitrateonline.com/1999/rminusman.html,Nitrate Online
tt0119698,Princess Mononoke,https://nitrateonline.com/1999/rmononoke.html,Nitrate Online
tt0125664,Man on the Moon,https://nitrateonline.com/1999/rmoon.html,Nitrate Online
tt0120616,The Mummy,https://nitrateonline.com/1999/rmummy.html,Nitrate Online
tt0120865,This is My Father,https://nitrateonline.com/1999/rmyfather.html,Nitrate Online
tt0134618,"Mystery, Alaska",https://nitrateonline.com/1999/rmystery.html,Nitrate Online
tt0132347,Mystery Men,https://nitrateonline.com/1999/rmysterymen.html,Nitrate Online
tt0166396,Waking Ned Devine,https://nitrateonline.com/1999/rneddevine.html,Nitrate Online
tt0151738,Never Been Kissed,https://nitrateonline.com/1999/rneverkiss.html,Nitrate Online
tt0132477,October Sky,https://nitrateonline.com/1999/roctsky.html,Nitrate Online
tt0151804,Office Space,https://nitrateonline.com/1999/rospace1.html,Nitrate Online
tt0151804,Office Space,https://nitrateonline.com/1999/rospace2.html,Nitrate Online
tt0120784,Payback,https://nitrateonline.com/1999/rpayback1.html,Nitrate Online
tt0120784,Payback,https://nitrateonline.com/1999/rpayback2.html,Nitrate Online
tt0120915,Star Wars: Episode 1 - The Phantom Menace,https://nitrateonline.com/1999/rphantom.html,Nitrate Online
tt0190641,Pokémon: The First Movie,https://nitrateonline.com/1999/rpokemon.html,Nitrate Online
tt0129332,Ravenous,https://nitrateonline.com/1999/rravenous.html,Nitrate Online
tt0058648,The Thin Red Line,https://nitrateonline.com/1999/rredline.html,Nitrate Online
tt0134154,Ride with the Devil,https://nitrateonline.com/1999/rride.html,Nitrate Online
tt0134119,The Talented Mr. Ripley,https://nitrateonline.com/1999/rripley.html,Nitrate Online
tt0133122,New Rose Hotel,https://nitrateonline.com/1999/rrose.html,Nitrate Online
tt0313542,Runaway Bride,https://nitrateonline.com/1999/rrunaway.html,Nitrate Online
tt0162677,Summer of Sam,https://nitrateonline.com/1999/rsam.html,Nitrate Online
tt0162661,Sleepy Hollow,https://nitrateonline.com/1999/rsleepy.html,Nitrate Online
tt0158983,"South Park - Bigger, Longer, and Uncut",https://nitrateonline.com/1999/rsouthpark.html,Nitrate Online
tt0166896,The Straight Story,https://nitrateonline.com/1999/rsstory.html,Nitrate Online
tt0145531,Stigmata,https://nitrateonline.com/1999/rstigmata.html,Nitrate Online
tt0160916,The Story of Us,https://nitrateonline.com/1999/rstoryus.html,Nitrate Online
tt0164912,Stuart Little,https://nitrateonline.com/1999/rstuart.html,Nitrate Online
tt0280491,Any Given Sunday,https://nitrateonline.com/1999/rsunday.html,Nitrate Online
tt0144640,Tango,https://nitrateonline.com/1999/rtango.html,Nitrate Online
tt0120855,Tarzan,https://nitrateonline.com/1999/rtarzan.html,Nitrate Online
tt0133046,Teaching Mrs. Tingle,https://nitrateonline.com/1999/rtingle.html,Nitrate Online
tt0120363,Toy Story 2,https://nitrateonline.com/1999/rtoystory2.html,Nitrate Online
tt0120370,Trekkies,https://nitrateonline.com/1999/rtrekkies.html,Nitrate Online
tt0139668,True Crime,https://nitrateonline.com/1999/rtruecrime.html,Nitrate Online
tt0120458,Virus,https://nitrateonline.com/1999/rvirus.html,Nitrate Online
tt0120891,Wild Wild West,https://nitrateonline.com/1999/rwildwest.html,Nitrate Online
tt0131646,Wing Commander,https://nitrateonline.com/1999/rwingcom.html,Nitrate Online
tt0339542,28 Days,https://nitrateonline.com/2000/r28days.html,Nitrate Online
tt0202641,Two Family House,https://nitrateonline.com/2000/r2family.html,Nitrate Online
tt0187078,Gone in Sixty Seconds,https://nitrateonline.com/2000/r60secs.html,Nitrate Online
tt0216216,The 6th Day,https://nitrateonline.com/2000/r6thday.html,Nitrate Online
tt0283832,8½ Women,https://nitrateonline.com/2000/r8women.html,Nitrate Online
tt0142688,The Ninth Gate,https://nitrateonline.com/2000/r9thgate.html,Nitrate Online
tt0242252,An Affair of Love,https://nitrateonline.com/2000/raffair.html,Nitrate Online
tt0144084,American Psycho,https://nitrateonline.com/2000/rampsycho1.html,Nitrate Online
tt0144084,American Psycho,https://nitrateonline.com/2000/rampsycho2.html,Nitrate Online
tt0174480,Autumn in New York,https://nitrateonline.com/2000/rautumnny.html,Nitrate Online
tt0471333,Backstage,https://nitrateonline.com/2000/rbackstage.html,Nitrate Online
tt0146984,The Legend of Bagger Vance,https://nitrateonline.com/2000/rbaggerv.html,Nitrate Online
tt0215545,Bamboozled,https://nitrateonline.com/2000/rbambooz.html,Nitrate Online
tt0185183,Battlefield Earth,https://nitrateonline.com/2000/rbattlefield.html,Nitrate Online
tt0163978,The Beach,https://nitrateonline.com/2000/rbeach.html,Nitrate Online
tt0163978,The Beach,https://nitrateonline.com/2000/rbeach2.html,Nitrate Online
tt0230030,Bedazzled,https://nitrateonline.com/2000/rbedazzled.html,Nitrate Online
tt0161081,What Lies Beneath,https://nitrateonline.com/2000/rbeneath.html,Nitrate Online
tt0218839,Best in Show,https://nitrateonline.com/2000/rbestinshow.html,Nitrate Online
tt0328832,Beyond the Mat,https://nitrateonline.com/2000/rbeyondmat.html,Nitrate Online
tt0229260,Blair Witch 2: Book of Shadows,https://nitrateonline.com/2000/rblairwitch2.html,Nitrate Online
tt0163983,Bless the Child,https://nitrateonline.com/2000/rbless.html,Nitrate Online
tt0086979,Blood Simple,https://nitrateonline.com/2000/rblood.html,Nitrate Online
tt0315824,Bounce,https://nitrateonline.com/2000/rbounce.html,Nitrate Online
tt0204175,Boys and Girls,https://nitrateonline.com/2000/rboysgirls.html,Nitrate Online
tt0289879,Butterfly,https://nitrateonline.com/2000/rbutterfly.html,Nitrate Online
tt0305337,Black and White,https://nitrateonline.com/2000/rbw.html,Nitrate Online
tt0208988,Get Carter,https://nitrateonline.com/2000/rcarter.html,Nitrate Online
tt0162222,Cast Away,https://nitrateonline.com/2000/rcastaway.html,Nitrate Online
tt0162903,Catfish in Black Bean Sauce,https://nitrateonline.com/2000/rcatfish.html,Nitrate Online
tt0173716,Cecil B. Demented,https://nitrateonline.com/2000/rcecil.html,Nitrate Online
tt0209958,The Cell,https://nitrateonline.com/2000/rcell.html,Nitrate Online
tt0270707,Charlie&#x27;s Angels,https://nitrateonline.com/2000/rcharlie.html,Nitrate Online
tt0120630,Chicken Run,https://nitrateonline.com/2000/rchicken.html,Nitrate Online
tt0218112,The Closer You Get,https://nitrateonline.com/2000/rcloseruget.html,Nitrate Online
tt0208874,The Contender,https://nitrateonline.com/2000/rcontender.html,Nitrate Online
tt0200550,Coyote Ugly,https://nitrateonline.com/2000/rcoyote.html,Nitrate Online
tt0118926,Dancer in the Dark,https://nitrateonline.com/2000/rdancer.html,Nitrate Online
tt0238116,Dark Angel,https://nitrateonline.com/2000/rdarkangel.html,Nitrate Online
tt0190374,Dungeons and Dragons,https://nitrateonline.com/2000/rdd.html,Nitrate Online
tt0810922,Mr. Death,https://nitrateonline.com/2000/rdeath.html,Nitrate Online
tt0186045,Drowning Mona,https://nitrateonline.com/2000/rdrowning.html,Nitrate Online
tt0111512,The Legend of Drunken Master,https://nitrateonline.com/2000/rdrunken.html,Nitrate Online
tt0111512,The Legend of Drunken Master,https://nitrateonline.com/2000/rdrunken2.html,Nitrate Online
tt0185183,Earth,https://nitrateonline.com/2000/rearth.html,Nitrate Online
tt0195685,Erin Brockovich,https://nitrateonline.com/2000/rerinb.html,Nitrate Online
tt0070047,The Exorcist,https://nitrateonline.com/2000/rexorcist.html,Nitrate Online
tt0120662,Eye of the Beholder,https://nitrateonline.com/2000/reye.html,Nitrate Online
tt0171433,Keeping the Faith,https://nitrateonline.com/2000/rfaith.html,Nitrate Online
tt0218967,Family Man,https://nitrateonline.com/2000/rfamily.html,Nitrate Online
tt0181875,Almost Famous,https://nitrateonline.com/2000/rfamous.html,Nitrate Online
tt0120910,Fantasia/2000,https://nitrateonline.com/2000/rfantasia2k.html,Nitrate Online
tt0195714,Final Destination,https://nitrateonline.com/2000/rfinaldest.html,Nitrate Online
tt0186151,Frequency,https://nitrateonline.com/2000/rfrequency.html,Nitrate Online
tt0390022,Next Friday,https://nitrateonline.com/2000/rfriday.html,Nitrate Online
tt0165798,Ghost Dog: The Way of the Samurai,https://nitrateonline.com/2000/rghostdog.html,Nitrate Online
tt0165798,Ghost Dog: The Way of the Samurai,https://nitrateonline.com/2000/rghostdog2.html,Nitrate Online
tt0265208,The Girl Next Door,https://nitrateonline.com/2000/rgirlndoor.html,Nitrate Online
tt0172495,Gladiator,https://nitrateonline.com/2000/rgladiator.html,Nitrate Online
tt0195234,Saving Grace,https://nitrateonline.com/2000/rgrace.html,Nitrate Online
tt0170016,How the Grinch Stole Christmas,https://nitrateonline.com/2000/rgrinch.html,Nitrate Online
tt0120917,Groove,https://nitrateonline.com/2000/rgroove.html,Nitrate Online
tt0202677,The Way of the Gun,https://nitrateonline.com/2000/rgun.html,Nitrate Online
tt0146882,High Fidelity,https://nitrateonline.com/2000/rhighfid.html,Nitrate Online
tt0164052,Hollow Man,https://nitrateonline.com/2000/rhollowman.html,Nitrate Online
tt0203019,Men of Honor,https://nitrateonline.com/2000/rhonor.html,Nitrate Online
tt1311075,Human Resources,https://nitrateonline.com/2000/rhr.html,Nitrate Online
tt0308383,Human Traffic,https://nitrateonline.com/2000/rhuman.html,Nitrate Online
tt0144528,Nutty Professor II: The Klumps,https://nitrateonline.com/2000/rklumps.html,Nitrate Online
tt0185431,Little Nicky,https://nitrateonline.com/2000/rlilnick.html,Nitrate Online
tt0358205,Magnolia,https://nitrateonline.com/2000/rmagnolia.html,Nitrate Online
tt0228333,Mission to Mars,https://nitrateonline.com/2000/rmars.html,Nitrate Online
tt0120755,Mission Impossible 2,https://nitrateonline.com/2000/rmi2.html,Nitrate Online
tt0156841,The Next Best Thing,https://nitrateonline.com/2000/rnextbest.html,Nitrate Online
tt0267804,One,https://nitrateonline.com/2000/rone.html,Nitrate Online
tt1419649,One Day in September,https://nitrateonline.com/2000/roneday.html,Nitrate Online
tt0212338,Meet the Parents,https://nitrateonline.com/2000/rparents.html,Nitrate Online
tt0160644,Passion of Mind,https://nitrateonline.com/2000/rpassion.html,Nitrate Online
tt0187393,The Patriot,https://nitrateonline.com/2000/rpatriot.html,Nitrate Online
tt0223897,Pay It Forward,https://nitrateonline.com/2000/rpayit.html,Nitrate Online
tt0134847,Pitch Black,https://nitrateonline.com/2000/rpitchblack.html,Nitrate Online
tt0228750,Proof of Life,https://nitrateonline.com/2000/rproof.html,Nitrate Online
tt0447545,Queer as Folk,https://nitrateonline.com/2000/rqueer.html,Nitrate Online
tt0227200,RAN,https://nitrateonline.com/2000/rran.html,Nitrate Online
tt0199753,Red Planet,https://nitrateonline.com/2000/rredplanet.html,Nitrate Online
tt0184858,Reindeer Games,https://nitrateonline.com/2000/rreindeer.html,Nitrate Online
tt0191397,The Replacements,https://nitrateonline.com/2000/rreplace.html,Nitrate Online
tt0180093,Requiem for a Dream,https://nitrateonline.com/2000/rrequiem.html,Nitrate Online
tt0167261,The Ring,https://nitrateonline.com/2000/rring.html,Nitrate Online
tt0165929,Romeo Must Die,https://nitrateonline.com/2000/rromeomustdie.html,Nitrate Online
tt0306047,Scary Movie,https://nitrateonline.com/2000/rscary.html,Nitrate Online
tt0134084,Scream 3,https://nitrateonline.com/2000/rscream3.html,Nitrate Online
tt0162650,Shaft,https://nitrateonline.com/2000/rshaft.html,Nitrate Online
tt0184894,Shanghai Noon,https://nitrateonline.com/2000/rshanghai.html,Nitrate Online
tt0192614,The Skulls,https://nitrateonline.com/2000/rskulls.html,Nitrate Online
tt0196216,Small Time Crooks,https://nitrateonline.com/2000/rsmall.html,Nitrate Online
tt0181830,Solomon and Gaenor,https://nitrateonline.com/2000/rsolomon.html,Nitrate Online
tt0160484,Lost Souls,https://nitrateonline.com/2000/rsouls.html,Nitrate Online
tt0186566,Space Cowboys,https://nitrateonline.com/2000/rspace.html,Nitrate Online
tt0088258,This is Spinal Tap,https://nitrateonline.com/2000/rspinaltap.html,Nitrate Online
tt0120202,State and Main,https://nitrateonline.com/2000/rstate.html,Nitrate Online
tt0177971,The Perfect Storm,https://nitrateonline.com/2000/rstorm.html,Nitrate Online
tt0338013,Sunshine,https://nitrateonline.com/2000/rsunshine.html,Nitrate Online
tt0190332,"Crouching Tiger, Hidden Dragon",https://nitrateonline.com/2000/rtiger.html,Nitrate Online
tt0220099,The Tigger Movie,https://nitrateonline.com/2000/rtigger.html,Nitrate Online
tt0120913,Titan A.E.,https://nitrateonline.com/2000/rtitanae.html,Nitrate Online
tt0210945,Remember the Titans,https://nitrateonline.com/2000/rtitans.html,Nitrate Online
tt0296898,Titus,https://nitrateonline.com/2000/rtitus.html,Nitrate Online
tt0141926,U-571,https://nitrateonline.com/2000/ru571.html,Nitrate Online
tt0217869,Unbreakable,https://nitrateonline.com/2000/runbreakable.html,Nitrate Online
tt0192731,Urban Legends: Final Cut,https://nitrateonline.com/2000/rurban.html,Nitrate Online
tt0190865,Vertical Limit,https://nitrateonline.com/2000/rvertical.html,Nitrate Online
tt0159097,The Virgin Suicides,https://nitrateonline.com/2000/rvirgin.html,Nitrate Online
tt0027413,The Visit,https://nitrateonline.com/2000/rvisit.html,Nitrate Online
tt0243017,Waking the Dead,https://nitrateonline.com/2000/rwaking.html,Nitrate Online
tt0160009,The Art of War,https://nitrateonline.com/2000/rwar.html,Nitrate Online
tt0181151,What Planet Are You From,https://nitrateonline.com/2000/rwhatplanet.html,Nitrate Online
tt0185014,Wonder Boys,https://nitrateonline.com/2000/rwonderboys.html,Nitrate Online
tt0120903,X-Men,https://nitrateonline.com/2000/rxmen.html,Nitrate Online
tt0138946,The Yards,https://nitrateonline.com/2000/ryards.html,Nitrate Online
tt0245674,13 Ghosts,https://nitrateonline.com/2001/r13ghosts.html,Nitrate Online
tt0179626,Fifteen Minutes,https://nitrateonline.com/2001/r15mins.html,Nitrate Online
tt0233142,3000 Miles to Graceland,https://nitrateonline.com/2001/r3000miles.html,Nitrate Online
tt0242252,The Affair of the Necklace,https://nitrateonline.com/2001/raffair.html,Nitrate Online
tt0212720,A.I.,https://nitrateonline.com/2001/rai.html,Nitrate Online
tt0248667,Ali,https://nitrateonline.com/2001/rali.html,Nitrate Online
tt0211915,Amélie from Montmartre,https://nitrateonline.com/2001/ramelie.html,Nitrate Online
tt0245712,Amores Perros,https://nitrateonline.com/2001/ramores.html,Nitrate Online
tt0252866,American Pie 2,https://nitrateonline.com/2001/rampie2.html,Nitrate Online
tt0246593,The Animal,https://nitrateonline.com/2001/ranimal.html,Nitrate Online
tt0218817,Antitrust,https://nitrateonline.com/2001/rantitrust.html,Nitrate Online
tt0133152,Planet of the Apes,https://nitrateonline.com/2001/rapes.html,Nitrate Online
tt0078788,Apocalypse Now Redux,https://nitrateonline.com/2001/rapocalypse.html,Nitrate Online
tt0230011,Atlantis,https://nitrateonline.com/2001/ratlantis.html,Nitrate Online
tt6904742,Audition,https://nitrateonline.com/2001/raudition.html,Nitrate Online
tt0249380,Baise-Moi,https://nitrateonline.com/2001/rbaisemoi.html,Nitrate Online
tt0219965,Bandits,https://nitrateonline.com/2001/rbandits.html,Nitrate Online
tt0247425,In the Bedroom,https://nitrateonline.com/2001/rbedroom.html,Nitrate Online
tt14288636,Before Night Falls,https://nitrateonline.com/2001/rbefore.html,Nitrate Online
tt2467046,Left Behind,https://nitrateonline.com/2001/rbehind.html,Nitrate Online
tt0250494,Legally Blonde,https://nitrateonline.com/2001/rblonde.html,Nitrate Online
tt0166110,Bones,https://nitrateonline.com/2001/rbones.html,Nitrate Online
tt0268200,Brigham City,https://nitrateonline.com/2001/rbrigham.html,Nitrate Online
tt0270259,The Business of Strangers,https://nitrateonline.com/2001/rbusiness.html,Nitrate Online
tt13918600,Chunhyang,https://nitrateonline.com/2001/rchunghyang.html,Nitrate Online
tt0159365,Out Cold,https://nitrateonline.com/2001/rcold.html,Nitrate Online
tt0244479,Dark Blue World,https://nitrateonline.com/2001/rdarkblueworld.html,Nitrate Online
tt0246578,Donnie Darko,https://nitrateonline.com/2001/rdarko.html,Nitrate Online
tt0250323,The Deep End,https://nitrateonline.com/2001/rdeepend.html,Nitrate Online
tt0247638,The Princess Diaries,https://nitrateonline.com/2001/rdiaries.html,Nitrate Online
tt0205873,The Dish,https://nitrateonline.com/2001/rdish.html,Nitrate Online
tt0249478,Domestic Disturbance,https://nitrateonline.com/2001/rdomestic.html,Nitrate Online
tt0132245,Driven,https://nitrateonline.com/2001/rdriven.html,Nitrate Online
tt0177749,Enlightment,https://nitrateonline.com/2001/renlightment.html,Nitrate Online
tt0251075,Evolution,https://nitrateonline.com/2001/revolution.html,Nitrate Online
tt0181875,Everybody&#x27;s Famous,https://nitrateonline.com/2001/rfamous.html,Nitrate Online
tt0173840,Final Fantasy,https://nitrateonline.com/2001/rfantasy.html,Nitrate Online
tt0238924,The Fast and the Furious,https://nitrateonline.com/2001/rfast.html,Nitrate Online
tt0243255,Fat Girl,https://nitrateonline.com/2001/rfatgirl.html,Nitrate Online
tt0173840,Final,https://nitrateonline.com/2001/rfinal.html,Nitrate Online
tt0419765,Following,https://nitrateonline.com/2001/rfollowing.html,Nitrate Online
tt0120681,From Hell,https://nitrateonline.com/2001/rfromhell-1.html,Nitrate Online
tt0120681,From Hell,https://nitrateonline.com/2001/rfromhell-2.html,Nitrate Online
tt0411630,Marcus Garvey,https://nitrateonline.com/2001/rgarvey.html,Nitrate Online
tt0162346,Ghost World,https://nitrateonline.com/2001/rghost.html,Nitrate Online
tt0219699,The Gift,https://nitrateonline.com/2001/rgift.html,Nitrate Online
tt0323944,The Glass House,https://nitrateonline.com/2001/rglass.html,Nitrate Online
tt0478584,Hamlet,https://nitrateonline.com/2001/rhamlet.html,Nitrate Online
tt0212985,Hannibal,https://nitrateonline.com/2001/rhannibal.html,Nitrate Online
tt0180734,Hardball,https://nitrateonline.com/2001/rhardball.html,Nitrate Online
tt0125022,Heartbreakers,https://nitrateonline.com/2001/rheartbreak.html,Nitrate Online
tt0252501,Hearts in Atlantis,https://nitrateonline.com/2001/rhearts.html,Nitrate Online
tt0248845,Hedwig and the Angry Inch,https://nitrateonline.com/2001/rhedwig.html,Nitrate Online
tt0252503,Heist,https://nitrateonline.com/2001/rheist-tiff.html,Nitrate Online
tt0252503,Heist,https://nitrateonline.com/2001/rheist.html,Nitrate Online
tt0278488,How High,https://nitrateonline.com/2001/rhigh.html,Nitrate Online
tt0296042,Ichi the Killer,https://nitrateonline.com/2001/richi.html,Nitrate Online
tt0256103,Intimacy,https://nitrateonline.com/2001/rintimacy.html,Nitrate Online
tt0256524,The Curse of the Jade Scorpion,https://nitrateonline.com/2001/rjade.html,Nitrate Online
tt0245686,Joe Dirt,https://nitrateonline.com/2001/rjoedirt.html,Nitrate Online
tt0163025,Jurassic Park 3,https://nitrateonline.com/2001/rjurassicpark3.html,Nitrate Online
tt0283431,Kandahar,https://nitrateonline.com/2001/rkandahar.html,Nitrate Online
tt0167260,The King is Alive,https://nitrateonline.com/2001/rking.html,Nitrate Online
tt0272152,K-PAX,https://nitrateonline.com/2001/rkpax.html,Nitrate Online
tt0272020,The Last Castle,https://nitrateonline.com/2001/rlcastle.html,Nitrate Online
tt0228687,Little Otik,https://nitrateonline.com/2001/rlittleotik-1.html,Nitrate Online
tt0228687,Little Otik,https://nitrateonline.com/2001/rlittleotik-2.html,Nitrate Online
tt0120737,Lord of the Rings: The Fellowship of the Ring,https://nitrateonline.com/2001/rlord.html,Nitrate Online
tt0268995,The Majestic,https://nitrateonline.com/2001/rmajestic.html,Nitrate Online
tt0243133,The Man Who Wasn&#x27;t There,https://nitrateonline.com/2001/rman.html,Nitrate Online
tt0228333,Ghosts of Mars,https://nitrateonline.com/2001/rmars.html,Nitrate Online
tt0209144,Memento,https://nitrateonline.com/2001/rmemento.html,Nitrate Online
tt0236493,The Mexican,https://nitrateonline.com/2001/rmexican.html,Nitrate Online
tt0120753,The Million Dollar Hotel,https://nitrateonline.com/2001/rmillion.html,Nitrate Online
tt0268978,A Beautiful Mind,https://nitrateonline.com/2001/rmind.html,Nitrate Online
tt0200720,The House of Mirth,https://nitrateonline.com/2001/rmirth.html,Nitrate Online
tt0198781,"Monsters, Inc.",https://nitrateonline.com/2001/rmonsters.html,Nitrate Online
tt0118694,In the Mood for Love,https://nitrateonline.com/2001/rmood.html,Nitrate Online
tt0203009,Moulin Rouge,https://nitrateonline.com/2001/rmoulin.html,Nitrate Online
tt0166924,Mulholland Drive,https://nitrateonline.com/2001/rmulholland.html,Nitrate Online
tt0209163,The Mummy Returns,https://nitrateonline.com/2001/rmummy2.html,Nitrate Online
tt0268397,Jimmy Neutron: Boy Genius,https://nitrateonline.com/2001/rneutron.html,Nitrate Online
tt0120737,O,https://nitrateonline.com/2001/ro.html,Nitrate Online
tt0190590,O Brother Where Art Thou?,https://nitrateonline.com/2001/robrother.html,Nitrate Online
tt0267804,The One,https://nitrateonline.com/2001/rone.html,Nitrate Online
tt0218922,Original Sin,https://nitrateonline.com/2001/roriginalsin.html,Nitrate Online
tt0181739,Osmosis Jones,https://nitrateonline.com/2001/rosmosis.html,Nitrate Online
tt0230600,The Others,https://nitrateonline.com/2001/rothers.html,Nitrate Online
tt0236784,Tailor of Panama,https://nitrateonline.com/2001/rpanama.html,Nitrate Online
tt0258000,Panic,https://nitrateonline.com/2001/rpanic.html,Nitrate Online
tt0335119,Pearl Harbor,https://nitrateonline.com/2001/rpearl.html,Nitrate Online
tt0237572,The Pledge,https://nitrateonline.com/2001/rpledge.html,Nitrate Online
tt0183659,Pollock,https://nitrateonline.com/2001/rpollock.html,Nitrate Online
tt0203632,The Princess and the Warrior,https://nitrateonline.com/2001/rprincess.html,Nitrate Online
tt0250687,Rat Race,https://nitrateonline.com/2001/rratrace.html,Nitrate Online
tt1824929,The Last Resort,https://nitrateonline.com/2001/rresort.html,Nitrate Online
tt1824929,The Last Resort,https://nitrateonline.com/2001/rresort2.html,Nitrate Online
tt0200027,Riding in Cars with Boys,https://nitrateonline.com/2001/rriding.html,Nitrate Online
tt0235060,The Road Home,https://nitrateonline.com/2001/rroad.html,Nitrate Online
tt0266915,Rush Hour 2,https://nitrateonline.com/2001/rrushhour2.html,Nitrate Online
tt0315983,Under the Sand,https://nitrateonline.com/2001/rsand.html,Nitrate Online
tt0257106,Scary Movie 2,https://nitrateonline.com/2001/rscary2.html,Nitrate Online
tt0240890,Serendipity,https://nitrateonline.com/2001/rserendipity.html,Nitrate Online
tt0203119,Sexy Beast,https://nitrateonline.com/2001/rsexy.html,Nitrate Online
tt0189998,Shadow of a Vampire,https://nitrateonline.com/2001/rshadow.html,Nitrate Online
tt0120824,The Shipping News,https://nitrateonline.com/2001/rshippingnews.html,Nitrate Online
tt0126029,Shrek,https://nitrateonline.com/2001/rshrek.html,Nitrate Online
tt0261392,Jay and Silent Bob Strike Back,https://nitrateonline.com/2001/rsilentbob.html,Nitrate Online
tt0120352,Too Much Sleep,https://nitrateonline.com/2001/rsleep.html,Nitrate Online
tt1388353,Snatch,https://nitrateonline.com/2001/rsnatch.html,Nitrate Online
tt0244970,Someone Like You,https://nitrateonline.com/2001/rsomeone.html,Nitrate Online
tt0210299,Songcatcher,https://nitrateonline.com/2001/rsongcatcher.html,Nitrate Online
tt0250720,See Spot Run,https://nitrateonline.com/2001/rspot.html,Nitrate Online
tt0266987,Spy Game,https://nitrateonline.com/2001/rspygame.html,Nitrate Online
tt0227538,Spy Kids,https://nitrateonline.com/2001/rspykids.html,Nitrate Online
tt0245501,Behind the Sun,https://nitrateonline.com/2001/rsun.html,Nitrate Online
tt0244244,Swordfish,https://nitrateonline.com/2001/rswordfish.html,Nitrate Online
tt0277371,Not Another Teen Movie,https://nitrateonline.com/2001/rteenmovie.html,Nitrate Online
tt0146316,Lara Croft: Tomb Raider,https://nitrateonline.com/2001/rtomb.html,Nitrate Online
tt0307398,Traffic,https://nitrateonline.com/2001/rtraffic.html,Nitrate Online
tt0139654,Training Day,https://nitrateonline.com/2001/rtrainingday.html,Nitrate Online
tt0242998,Valentine,https://nitrateonline.com/2001/rvalentine.html,Nitrate Online
tt0259711,Vanilla Sky,https://nitrateonline.com/2001/rvanillasky.html,Nitrate Online
tt0243017,Waking Life,https://nitrateonline.com/2001/rwaking.html,Nitrate Online
tt0328828,The Wedding Planner,https://nitrateonline.com/2001/rwedding.html,Nitrate Online
tt0260332,The Day I Became a Woman,https://nitrateonline.com/2001/rwoman.html,Nitrate Online
tt0196229,Zoolander,https://nitrateonline.com/2001/rzoolander.html,Nitrate Online
tt0307901,25th Hour,https://nitrateonline.com/2002/r25thhour.html,Nitrate Online
tt0167261,Lord of the Rings: The Two Towers,https://nitrateonline.com/2002/r2towers.html,Nitrate Online
tt0313737,Two Weeks Notice,https://nitrateonline.com/2002/r2weeks.html,Nitrate Online
tt0243736,40 Days and 40 Nights,https://nitrateonline.com/2002/r40days.html,Nitrate Online
tt0298203,8 Mile,https://nitrateonline.com/2002/r8mile.html,Nitrate Online
tt0283832,8 Women,https://nitrateonline.com/2002/r8women.html,Nitrate Online
tt0247586,Nine Queens,https://nitrateonline.com/2002/r9queens.html,Nitrate Online
tt0276751,About a Boy,https://nitrateonline.com/2002/raboutaboy.html,Nitrate Online
tt0276751,About a Boy,https://nitrateonline.com/2002/raboutaboy2.html,Nitrate Online
tt0256415,Sweet Home Alabama,https://nitrateonline.com/2002/ralabama.html,Nitrate Online
tt0238924,The Dangerous Lives of Altar Boys,https://nitrateonline.com/2002/raltarboys.html,Nitrate Online
tt0238924,The Dangerous Lives of Altar Boys,https://nitrateonline.com/2002/raltarboys2.html,Nitrate Online
tt0289848,Analyze That,https://nitrateonline.com/2002/ranalyze.html,Nitrate Online
tt0168786,Antwone Fisher,https://nitrateonline.com/2002/rantwone.html,Nitrate Online
tt0273435,Ararat,https://nitrateonline.com/2002/rararat.html,Nitrate Online
tt0292644,Rules of Attraction,https://nitrateonline.com/2002/rattraction.html,Nitrate Online
tt0298744,Auto Focus,https://nitrateonline.com/2002/rautofocus.html,Nitrate Online
tt0280486,Bad Company,https://nitrateonline.com/2002/rbadcompany.html,Nitrate Online
tt0109198,Bad Girl,https://nitrateonline.com/2002/rbadgirl.html,Nitrate Online
tt0280460,The Banger Sisters,https://nitrateonline.com/2002/rbanger.html,Nitrate Online
tt0278295,All About the Benjamins,https://nitrateonline.com/2002/rbenjamins.html,Nitrate Online
tt0303356,Biggie and Tupac,https://nitrateonline.com/2002/rbiggie.html,Nitrate Online
tt0303356,Biggie and Tupac,https://nitrateonline.com/2002/rbiggie2.html,Nitrate Online
tt0346621,Birthday Girl,https://nitrateonline.com/2002/rbirthday.html,Nitrate Online
tt0310149,Princess Blade,https://nitrateonline.com/2002/rblade.html,Nitrate Online
tt0187738,Blade II,https://nitrateonline.com/2002/rblade2.html,Nitrate Online
tt1562567,Bloodwork,https://nitrateonline.com/2002/rbloodwork.html,Nitrate Online
tt0258463,The Bourne Identity,https://nitrateonline.com/2002/rbourneid.html,Nitrate Online
tt0237534,Brotherhood of the Wolf,https://nitrateonline.com/2002/rbrotherhood.html,Nitrate Online
tt0097139,The Mark of Cain,https://nitrateonline.com/2002/rcain.html,Nitrate Online
tt0264464,Catch Me if You Can,https://nitrateonline.com/2002/rcatchme.html,Nitrate Online
tt0264472,Changing Lanes,https://nitrateonline.com/2002/rchanging.html,Nitrate Online
tt0270707,The Truth About Charlie,https://nitrateonline.com/2002/rcharlie.html,Nitrate Online
tt0300274,Notorious C.H.O.,https://nitrateonline.com/2002/rcho.html,Nitrate Online
tt0295254,Feardotcom,https://nitrateonline.com/2002/rcitybysea.html,Nitrate Online
tt0121765,Star Wars: Episode II - Attack of the Clones,https://nitrateonline.com/2002/rclones.html,Nitrate Online
tt0233469,Collateral Damage,https://nitrateonline.com/2002/rcollateral.html,Nitrate Online
tt0310793,Bowling for Columbine,https://nitrateonline.com/2002/rcolumbine.html,Nitrate Online
tt0245844,The Count of Monte Cristo,https://nitrateonline.com/2002/rcount.html,Nitrate Online
tt0275022,Crossroads,https://nitrateonline.com/2002/rcrossroads.html,Nitrate Online
tt0264508,Dagon,https://nitrateonline.com/2002/rdagon.html,Nitrate Online
tt0280590,Mr. Deeds,https://nitrateonline.com/2002/rdeeds.html,Nitrate Online
tt0246460,Day Another Day,https://nitrateonline.com/2002/rdie.html,Nitrate Online
tt0299117,Roger Dodger,https://nitrateonline.com/2002/rdodger.html,Nitrate Online
tt0280609,Dog Soldiers,https://nitrateonline.com/2002/rdogsold.html,Nitrate Online
tt0289765,Red Dragon,https://nitrateonline.com/2002/rdragon.html,Nitrate Online
tt0259288,Dragonfly,https://nitrateonline.com/2002/rdragonfly.html,Nitrate Online
tt0278500,The Importance of Being Earnest,https://nitrateonline.com/2002/rearnest-1.html,Nitrate Online
tt0278500,The Importance of Being Earnest,https://nitrateonline.com/2002/rearnest-2.html,Nitrate Online
tt0279064,Elling,https://nitrateonline.com/2002/relling.html,Nitrate Online
tt0157583,Enigma,https://nitrateonline.com/2002/renigma.html,Nitrate Online
tt0278435,Enough,https://nitrateonline.com/2002/renough.html,Nitrate Online
tt0238380,Equilibrium,https://nitrateonline.com/2002/requilibrium.html,Nitrate Online
tt1500812,E.T. - The Extra-Terrestrial,https://nitrateonline.com/2002/ret.html,Nitrate Online
tt0120804,Resident Evil,https://nitrateonline.com/2002/revil.html,Nitrate Online
tt0250258,Das Experiment,https://nitrateonline.com/2002/rexperiment.html,Nitrate Online
tt0297884,Far From Heaven,https://nitrateonline.com/2002/rfarheaven.html,Nitrate Online
tt0238924,The Dangerous Lives of Altar Boys,https://nitrateonline.com/2002/rfast.html,Nitrate Online
tt0295254,Feardotcom,https://nitrateonline.com/2002/rfear.html,Nitrate Online
tt0164184,Sum of all Fears,https://nitrateonline.com/2002/rfears.html,Nitrate Online
tt0280665,Femme Fatale,https://nitrateonline.com/2002/rfemme.html,Nitrate Online
tt0252444,Rabbit-Proof Fence,https://nitrateonline.com/2002/rfence.html,Nitrate Online
tt0253556,Reign of Fire,https://nitrateonline.com/2002/rfire.html,Nitrate Online
tt0264616,Frailty,https://nitrateonline.com/2002/rfrailty.html,Nitrate Online
tt0271367,Eight Legged Freaks,https://nitrateonline.com/2002/rfreaks.html,Nitrate Online
tt0120679,Frida,https://nitrateonline.com/2002/rfrida.html,Nitrate Online
tt0390022,Friday After Next,https://nitrateonline.com/2002/rfriday.html,Nitrate Online
tt0290212,Full Frontal,https://nitrateonline.com/2002/rfrontal.html,Nitrate Online
tt0217505,Gangs of New York,https://nitrateonline.com/2002/rgangs.html,Nitrate Online
tt0295178,Austin Powers in Goldmember,https://nitrateonline.com/2002/rgoldmember.html,Nitrate Online
tt0279113,The Good Girl,https://nitrateonline.com/2002/rgoodgirl.html,Nitrate Online
tt0338223,Gosford Park,https://nitrateonline.com/2002/rgosford.html,Nitrate Online
tt0252480,The Grey Zone,https://nitrateonline.com/2002/rgreyzone.html,Nitrate Online
tt0220506,Halloween: Resurrection,https://nitrateonline.com/2002/rhalloween.html,Nitrate Online
tt0147612,Happiness of the Katikuris,https://nitrateonline.com/2002/rhappiness.html,Nitrate Online
tt0303243,Happy Times,https://nitrateonline.com/2002/rhappytimes.html,Nitrate Online
tt0295297,Harry Potter and the Chamber of Secrets,https://nitrateonline.com/2002/rharry1.html,Nitrate Online
tt0295297,Harry Potter and the Chamber of Secrets,https://nitrateonline.com/2002/rharry2.html,Nitrate Online
tt0257756,High Crimes,https://nitrateonline.com/2002/rhcrimes.html,Nitrate Online
tt0246677,Heaven,https://nitrateonline.com/2002/rheaven2.html,Nitrate Online
tt0329717,Hollywood Ending,https://nitrateonline.com/2002/rhollywood.html,Nitrate Online
tt0277027,I am Sam,https://nitrateonline.com/2002/riamsam.html,Nitrate Online
tt0268380,Ice Age,https://nitrateonline.com/2002/riceage.html,Nitrate Online
tt0278504,Insomnia,https://nitrateonline.com/2002/rinsomnia-1.html,Nitrate Online
tt0278504,Insomnia,https://nitrateonline.com/2002/rinsomnia-2.html,Nitrate Online
tt0297181,I Spy,https://nitrateonline.com/2002/rispy.html,Nitrate Online
tt0251160,John Q,https://nitrateonline.com/2002/rjohnq.html,Nitrate Online
tt0303353,The Kid Stays in the Picture,https://nitrateonline.com/2002/rkidpic2.html,Nitrate Online
tt4520134,Before Leaving,https://nitrateonline.com/2002/rleaving.html,Nitrate Online
tt0252076,Maid in Manhattan,https://nitrateonline.com/2002/rmaid.html,Nitrate Online
tt0295526,Metropolis,https://nitrateonline.com/2002/rmetropolis.html,Nitrate Online
tt0120912,Men In Black II,https://nitrateonline.com/2002/rmib2.html,Nitrate Online
tt0181689,Minority Report,https://nitrateonline.com/2002/rminority.html,Nitrate Online
tt0349825,Miracle,https://nitrateonline.com/2002/rmiracle.html,Nitrate Online
tt0265343,Monsoon Wedding,https://nitrateonline.com/2002/rmonsoon.html,Nitrate Online
tt0198781,Monster&#x27;s Ball,https://nitrateonline.com/2002/rmonsters.html,Nitrate Online
tt0265349,The Mothman Prophecies,https://nitrateonline.com/2002/rmothman.html,Nitrate Online
tt0264935,Murder by Numbers,https://nitrateonline.com/2002/rmurder.html,Nitrate Online
tt0272207,NARC,https://nitrateonline.com/2002/rnarc.html,Nitrate Online
tt0253754,Star Trek: Nemesis,https://nitrateonline.com/2002/rnemesis.html,Nitrate Online
tt0232083,Nightcap,https://nitrateonline.com/2002/rnightcap.html,Nitrate Online
tt0265459,One Hour Photo,https://nitrateonline.com/2002/ronehour.html,Nitrate Online
tt0273923,Orange County,https://nitrateonline.com/2002/rorange.html,Nitrate Online
tt0258000,Panic Room,https://nitrateonline.com/2002/rpanic.html,Nitrate Online
tt0257044,Road to Perdition,https://nitrateonline.com/2002/rperdition.html,Nitrate Online
tt0043068,War Photographer,https://nitrateonline.com/2002/rphoto.html,Nitrate Online
tt0253474,The Pianist,https://nitrateonline.com/2002/rpianist.html,Nitrate Online
tt0254686,The Piano Teacher,https://nitrateonline.com/2002/rpiano.html,Nitrate Online
tt0261066,Piñero,https://nitrateonline.com/2002/rpinero.html,Nitrate Online
tt0256276,Possession,https://nitrateonline.com/2002/rpossession.html,Nitrate Online
tt0272338,Punch Drunk Love,https://nitrateonline.com/2002/rpunch.html,Nitrate Online
tt0238546,Queen of the Damned,https://nitrateonline.com/2002/rqueen.html,Nitrate Online
tt0276437,Rain,https://nitrateonline.com/2002/rrain.html,Nitrate Online
tt0167261,The Ring,https://nitrateonline.com/2002/rring.html,Nitrate Online
tt0246894,Rollerball,https://nitrateonline.com/2002/rrollerball.html,Nitrate Online
tt0304669,The Santa Clause 2,https://nitrateonline.com/2002/rsanta2.html,Nitrate Online
tt0267913,Scooby Doo,https://nitrateonline.com/2002/rscooby.html,Nitrate Online
tt0277296,The Scorpion King,https://nitrateonline.com/2002/rscorpion.html,Nitrate Online
tt0274812,Secretary,https://nitrateonline.com/2002/rsecretary.html,Nitrate Online
tt0286106,Signs,https://nitrateonline.com/2002/rsigns.html,Nitrate Online
tt0258153,Simone,https://nitrateonline.com/2002/rsimone.html,Nitrate Online
tt0306069,The Singles Ward,https://nitrateonline.com/2002/rsingle.html,Nitrate Online
tt0240900,Slackers,https://nitrateonline.com/2002/rslackers.html,Nitrate Online
tt0307479,Solaris,https://nitrateonline.com/2002/rsolaris.html,Nitrate Online
tt0277434,We Were Soldiers,https://nitrateonline.com/2002/rsoldiers.html,Nitrate Online
tt0145487,Spider-Man,https://nitrateonline.com/2002/rspiderman.html,Nitrate Online
tt0244870,Spiral (Uzumaki),https://nitrateonline.com/2002/rspiral.html,Nitrate Online
tt0166813,Spirit: Stallion of the Cimarron,https://nitrateonline.com/2002/rspirit.html,Nitrate Online
tt0245429,Spirited Away,https://nitrateonline.com/2002/rspirited.html,Nitrate Online
tt0287717,Spy Kids 2 - The Island of Lost Dreams,https://nitrateonline.com/2002/rspykids2-1.html,Nitrate Online
tt0287717,Spy Kids 2 - The Island of Lost Dreams,https://nitrateonline.com/2002/rspykids2-2.html,Nitrate Online
tt0250081,Storytelling,https://nitrateonline.com/2002/rstorytelling.html,Nitrate Online
tt0280491,Bloody Sunday,https://nitrateonline.com/2002/rsunday.html,Nitrate Online
tt0338013,Sunshine State,https://nitrateonline.com/2002/rsunshine.html,Nitrate Online
tt0253867,The Sweetest Thing,https://nitrateonline.com/2002/rsweetest.html,Nitrate Online
tt0271219,Tadpole,https://nitrateonline.com/2002/rtadpole.html,Nitrate Online
tt2266522,Tosca,https://nitrateonline.com/2002/rtosca.html,Nitrate Online
tt0293662,The Transporter,https://nitrateonline.com/2002/rtransporter.html,Nitrate Online
tt0133240,Treasure Planet,https://nitrateonline.com/2002/rtreasure.html,Nitrate Online
tt0278102,Trembling Before G-d,https://nitrateonline.com/2002/rtrembling.html,Nitrate Online
tt0212604,Tully,https://nitrateonline.com/2002/rtully.html,Nitrate Online
tt0250797,Unfaithful,https://nitrateonline.com/2002/runfaithful1.html,Nitrate Online
tt0250797,Unfaithful,https://nitrateonline.com/2002/runfaithful2.html,Nitrate Online
tt0173772,My Voyage to Italy,https://nitrateonline.com/2002/rvoyage.html,Nitrate Online
tt0245562,Windtalkers,https://nitrateonline.com/2002/rwindtalkers.html,Nitrate Online
tt0295701,XXX,https://nitrateonline.com/2002/rxxx.html,Nitrate Online
tt0279778,Divine Secrets of the Ya-Ya Sisterhood,https://nitrateonline.com/2002/ryayas.html,Nitrate Online
tt13660588,Y Tu Mamá También,https://nitrateonline.com/2002/rytuma.html,Nitrate Online
tt0337563,Thirteen,https://nitrateonline.com/2003/r13.html,Nitrate Online
tt0315733,21 Grams,https://nitrateonline.com/2003/r21grams.html,Nitrate Online
tt0339542,28 Days Later,https://nitrateonline.com/2003/r28days.html,Nitrate Online
tt0322259,2 Fast 2 Furious,https://nitrateonline.com/2003/r2fast.html,Nitrate Online
tt0354575,The Five Obstructions,https://nitrateonline.com/2003/r5obstruct.html,Nitrate Online
tt0772251,Adaptation,https://nitrateonline.com/2003/radaptation.html,Nitrate Online
tt5343008,Amandla!,https://nitrateonline.com/2003/ramandla.html,Nitrate Online
tt0298845,In America,https://nitrateonline.com/2003/ramerica.html,Nitrate Online
tt6846664,Angels in America,https://nitrateonline.com/2003/rangels.html,Nitrate Online
tt0308464,King of the Ants,https://nitrateonline.com/2003/rants.html,Nitrate Online
tt0311648,Pieces of April,https://nitrateonline.com/2003/rapril.html,Nitrate Online
tt0172156,Bad Boys II,https://nitrateonline.com/2003/rbadboys.html,Nitrate Online
tt0307987,Bad Santa,https://nitrateonline.com/2003/rbadsanta.html,Nitrate Online
tt0338135,The Barbarian Invasions,https://nitrateonline.com/2003/rbarbarian-1.html,Nitrate Online
tt0338135,The Barbarian Invasions,https://nitrateonline.com/2003/rbarbarian-2.html,Nitrate Online
tt0264395,Basic,https://nitrateonline.com/2003/rbasic.html,Nitrate Online
tt0328880,Brother Bear,https://nitrateonline.com/2003/rbear.html,Nitrate Online
tt0286499,Bend It Like Beckham,https://nitrateonline.com/2003/rbeckham.html,Nitrate Online
tt0319061,Big Fish,https://nitrateonline.com/2003/rbigfish.html,Nitrate Online
tt0303356,Biggie and Tupac,https://nitrateonline.com/2003/rbiggie.html,Nitrate Online
tt0371583,Bonhoeffer,https://nitrateonline.com/2003/rbonhoeffer.html,Nitrate Online
tt0294357,Beyond Borders,https://nitrateonline.com/2003/rborders.html,Nitrate Online
tt0315327,Bruce Almighty,https://nitrateonline.com/2003/rbruce.html,Nitrate Online
tt0252299,Buffalo Soldiers,https://nitrateonline.com/2003/rbuffalo.html,Nitrate Online
tt0303816,Cabin Fever,https://nitrateonline.com/2003/rcabin.html,Nitrate Online
tt0312528,The Cat in the Hat,https://nitrateonline.com/2003/rcat.html,Nitrate Online
tt0065531,The Red Circle,https://nitrateonline.com/2003/rcercle.html,Nitrate Online
tt0402910,Chaos,https://nitrateonline.com/2003/rchaos.html,Nitrate Online
tt0076696,The Chess Player,https://nitrateonline.com/2003/rchess.html,Nitrate Online
tt0317248,City of God,https://nitrateonline.com/2003/rcityofgod.html,Nitrate Online
tt0317248,City of God,https://nitrateonline.com/2003/rcityofgod2.html,Nitrate Online
tt4126876,Drifting Clouds,https://nitrateonline.com/2003/rclouds.html,Nitrate Online
tt0159365,Cold Mountain,https://nitrateonline.com/2003/rcold.html,Nitrate Online
tt0310910,Confidence,https://nitrateonline.com/2003/rconfidence-1.html,Nitrate Online
tt0310910,Confidence,https://nitrateonline.com/2003/rconfidence-2.html,Nitrate Online
tt0298814,The Core,https://nitrateonline.com/2003/rcore.html,Nitrate Online
tt0251736,"House of 1,000 Corpses",https://nitrateonline.com/2003/rcorpses.html,Nitrate Online
tt15831226,Cowboy Up,https://nitrateonline.com/2003/rcowboy.html,Nitrate Online
tt0306685,Cradle 2 the Grave,https://nitrateonline.com/2003/rcradle.html,Nitrate Online
tt0325703,Lara Croft Tomb Raider: The Cradle of Life,https://nitrateonline.com/2003/rcradlelife.html,Nitrate Online
tt0138524,Intolerable Cruelty,https://nitrateonline.com/2003/rcruelty-1.html,Nitrate Online
tt0138524,Intolerable Cruelty,https://nitrateonline.com/2003/rcruelty-2.html,Nitrate Online
tt0199626,In the Cut,https://nitrateonline.com/2003/rcut.html,Nitrate Online
tt0317303,Daddy Day Care,https://nitrateonline.com/2003/rdaddy.html,Nitrate Online
tt0287978,Daredevil,https://nitrateonline.com/2003/rdaredevil.html,Nitrate Online
tt0282209,Darkness Falls,https://nitrateonline.com/2003/rdark.html,Nitrate Online
tt0319524,How to Deal,https://nitrateonline.com/2003/rdeal.html,Nitrate Online
tt0454888,Demonlover,https://nitrateonline.com/2003/rdemonlover.html,Nitrate Online
tt0309593,Final Destination 2,https://nitrateonline.com/2003/rdestination.html,Nitrate Online
tt0309593,Final Destination 2,https://nitrateonline.com/2003/rdestination2.html,Nitrate Online
tt0301199,Dirty Pretty Things,https://nitrateonline.com/2003/rdirty.html,Nitrate Online
tt0276919,Dogville,https://nitrateonline.com/2003/rdogville.html,Nitrate Online
tt0285531,Dreamcatcher,https://nitrateonline.com/2003/rdreamcatcher.html,Nitrate Online
tt0363589,Elephant,https://nitrateonline.com/2003/relephant.html,Nitrate Online
tt0319343,Elf,https://nitrateonline.com/2003/relf.html,Nitrate Online
tt0274166,Johnny English,https://nitrateonline.com/2003/renglish.html,Nitrate Online
tt0120662,The Eye,https://nitrateonline.com/2003/reye.html,Nitrate Online
tt0322330,Freaky Friday,https://nitrateonline.com/2003/rfreaky.html,Nitrate Online
tt0329101,Freddy vs. Jason,https://nitrateonline.com/2003/rfreddy.html,Nitrate Online
tt0390022,Friday Night,https://nitrateonline.com/2003/rfriday.html,Nitrate Online
tt0289992,The Life of David Gale,https://nitrateonline.com/2003/rgale.html,Nitrate Online
tt0299930,Gigli,https://nitrateonline.com/2003/rgigli.html,Nitrate Online
tt0323944,Shattered Glass,https://nitrateonline.com/2003/rglass.html,Nitrate Online
tt0348836,Gothika,https://nitrateonline.com/2003/rgothika.html,Nitrate Online
tt0280720,The Guru,https://nitrateonline.com/2003/rguru.html,Nitrate Online
tt0319470,The Guys,https://nitrateonline.com/2003/rguys.html,Nitrate Online
tt0338094,Haunted Mansion,https://nitrateonline.com/2003/rhaunted.html,Nitrate Online
tt0311289,Holes,https://nitrateonline.com/2003/rholes.html,Nitrate Online
tt0329717,Hollywood Homicide,https://nitrateonline.com/2003/rhollywood.html,Nitrate Online
tt1365462,The Holy Land,https://nitrateonline.com/2003/rholyland.html,Nitrate Online
tt0274558,The Hours,https://nitrateonline.com/2003/rhours.html,Nitrate Online
tt0305669,Bringing Down the House,https://nitrateonline.com/2003/rhouse.html,Nitrate Online
tt0286716,The Hulk,https://nitrateonline.com/2003/rhulk.html,Nitrate Online
tt0308383,The Human Stain,https://nitrateonline.com/2003/rhuman.html,Nitrate Online
tt0269347,The Hunted,https://nitrateonline.com/2003/rhunted.html,Nitrate Online
tt0309698,Identity,https://nitrateonline.com/2003/ridentity.html,Nitrate Online
tt0290673,Irréversible,https://nitrateonline.com/2003/rirreverse.html,Nitrate Online
tt0317740,The Italian Job,https://nitrateonline.com/2003/ritalian.html,Nitrate Online
tt0301470,Jeepers Creepers II,https://nitrateonline.com/2003/rjeepers.html,Nitrate Online
tt0277171,My Dinner with Jimi,https://nitrateonline.com/2003/rjimi.html,Nitrate Online
tt0283426,The Jungle Book 2,https://nitrateonline.com/2003/rjungle.html,Nitrate Online
tt0257568,Kangaroo Jack,https://nitrateonline.com/2003/rkang.html,Nitrate Online
tt0266697,Kill Bill Vol 1,https://nitrateonline.com/2003/rkillbillv1-1.html,Nitrate Online
tt0266697,Kill Bill Vol 1,https://nitrateonline.com/2003/rkillbillv1-2.html,Nitrate Online
tt0167260,Lord of the Rings: The Return of the King,https://nitrateonline.com/2003/rking.html,Nitrate Online
tt0311429,The League of Extraordinary Gentlemen,https://nitrateonline.com/2003/rleague.html,Nitrate Online
tt0318155,Looney Tunes: Back in Action,https://nitrateonline.com/2003/rlooneytunes.html,Nitrate Online
tt0251127,How to Lose a Guy in 10 Days,https://nitrateonline.com/2003/rlose.html,Nitrate Online
tt0335266,Lost in Translation,https://nitrateonline.com/2003/rlost1.html,Nitrate Online
tt0335266,Lost in Translation,https://nitrateonline.com/2003/rlost2.html,Nitrate Online
tt0314331,Love Actually,https://nitrateonline.com/2003/rlove.html,Nitrate Online
tt0317887,Madame Satã,https://nitrateonline.com/2003/rmadamesata.html,Nitrate Online
tt0318411,The Magdalene Sisters,https://nitrateonline.com/2003/rmagdalene.html,Nitrate Online
tt0243133,Man on the Train,https://nitrateonline.com/2003/rman.html,Nitrate Online
tt0266465,A Man Apart,https://nitrateonline.com/2003/rmanapart.html,Nitrate Online
tt0387386,Manic,https://nitrateonline.com/2003/rmanic.html,Nitrate Online
tt0325805,Matchstick Men,https://nitrateonline.com/2003/rmatchstick.html,Nitrate Online
tt0234215,Matrix Reloaded,https://nitrateonline.com/2003/rmatrix.html,Nitrate Online
tt0242653,Matrix Revolutions,https://nitrateonline.com/2003/rmatrix2.html,Nitrate Online
tt0285823,Once Upon a Time in Mexico,https://nitrateonline.com/2003/rmexico.html,Nitrate Online
tt0338188,The Missing,https://nitrateonline.com/2003/rmissing.html,Nitrate Online
tt0304415,Mona Lisa Smile,https://nitrateonline.com/2003/rmonalisa.html,Nitrate Online
tt0245803,Bulletproof Monk,https://nitrateonline.com/2003/rmonk.html,Nitrate Online
tt0300214,Morvern Callar,https://nitrateonline.com/2003/rmorvern.html,Nitrate Online
tt0327056,Mystic River,https://nitrateonline.com/2003/rmystic.html,Nitrate Online
tt0266543,Finding Nemo,https://nitrateonline.com/2003/rnemo.html,Nitrate Online
tt0102565,Nudity Required,https://nitrateonline.com/2003/rnudity.html,Nitrate Online
tt0316356,Open Range,https://nitrateonline.com/2003/ropen.html,Nitrate Online
tt0304711,The Order,https://nitrateonline.com/2003/rorder.html,Nitrate Online
tt0338337,Paycheck,https://nitrateonline.com/2003/rpaycheck.html,Nitrate Online
tt0335119,Girl with a Pearl Earring,https://nitrateonline.com/2003/rpearl.html,Nitrate Online
tt0335119,Girl with a Pearl Earring,https://nitrateonline.com/2003/rpearl2.html,Nitrate Online
tt0330760,The Pentagon Papers,https://nitrateonline.com/2003/rpentagon.html,Nitrate Online
tt0183649,Phone Booth,https://nitrateonline.com/2003/rphone.html,Nitrate Online
tt0325980,Pirates of the Caribbean,https://nitrateonline.com/2003/rpirates.html,Nitrate Online
tt0228750,The Naked Proof,https://nitrateonline.com/2003/rproof.html,Nitrate Online
tt0316465,Radio,https://nitrateonline.com/2003/rradio.html,Nitrate Online
tt0292506,The Recruit,https://nitrateonline.com/2003/rrecruit.html,Nitrate Online
tt0313542,Runaway Jury,https://nitrateonline.com/2003/rrunaway.html,Nitrate Online
tt0327850,The Rundown,https://nitrateonline.com/2003/rrundown.html,Nitrate Online
tt0325710,The Last Samurai,https://nitrateonline.com/2003/rsamurai.html,Nitrate Online
tt0315983,House of Sand and Fog,https://nitrateonline.com/2003/rsand.html,Nitrate Online
tt0306047,Scary Movie 3,https://nitrateonline.com/2003/rscary.html,Nitrate Online
tt0257360,About Schmidt,https://nitrateonline.com/2003/rschmidt.html,Nitrate Online
tt0332379,The School of Rock,https://nitrateonline.com/2003/rschool.html,Nitrate Online
tt0329575,Seabiscuit,https://nitrateonline.com/2003/rseabiscuit.html,Nitrate Online
tt0271668,National Security,https://nitrateonline.com/2003/rsecurity.html,Nitrate Online
tt7215232,Spellbound,https://nitrateonline.com/2003/rspellbound.html,Nitrate Online
tt0305206,American Splendor,https://nitrateonline.com/2003/rsplendor.html,Nitrate Online
tt0338459,Spy Kids 3-D: Game Over,https://nitrateonline.com/2003/rspykids3-1.html,Nitrate Online
tt0338459,Spy Kids 3-D: Game Over,https://nitrateonline.com/2003/rspykids3-2.html,Nitrate Online
tt0340377,The Station Agent,https://nitrateonline.com/2003/rstation.html,Nitrate Online
tt0338466,Stuck on You,https://nitrateonline.com/2003/rstuck.html,Nitrate Online
tt0070900,Sweet Sixteen,https://nitrateonline.com/2003/rsweet16.html,Nitrate Online
tt0324133,Swimming Pool,https://nitrateonline.com/2003/rswimming.html,Nitrate Online
tt0181852,Terminator 3: Rise of the Machines,https://nitrateonline.com/2003/rt3.html,Nitrate Online
tt0287467,Talk to Her,https://nitrateonline.com/2003/rtalk.html,Nitrate Online
tt0314353,Tears of the Sun,https://nitrateonline.com/2003/rtears.html,Nitrate Online
tt0324216,Texas Chainsaw Massacre,https://nitrateonline.com/2003/rtexas.html,Nitrate Online
tt0281820,The Good Thief,https://nitrateonline.com/2003/rthief.html,Nitrate Online
tt0300556,Timeline,https://nitrateonline.com/2003/rtimeline.html,Nitrate Online
tt0233418,Trilogy 1: On the Run,https://nitrateonline.com/2003/rtrilogy1.html,Nitrate Online
tt0234940,Trilogy  2: An Amazing Couple,https://nitrateonline.com/2003/rtrilogy2.html,Nitrate Online
tt0233230,Trilogy 3: After the Life,https://nitrateonline.com/2003/rtrilogy3.html,Nitrate Online
tt0343121,Tupac: Resurrection,https://nitrateonline.com/2003/rtupac.html,Nitrate Online
tt0328589,Under the Tuscan Sun,https://nitrateonline.com/2003/rtuscan.html,Nitrate Online
tt0320691,Underworld,https://nitrateonline.com/2003/runderworld.html,Nitrate Online
tt0312549,Veronica Guerin,https://nitrateonline.com/2003/rveronica.html,Nitrate Online
tt0328828,American Wedding,https://nitrateonline.com/2003/rwedding.html,Nitrate Online
tt0298228,Whale Rider,https://nitrateonline.com/2003/rwhale.html,Nitrate Online
tt0310281,A Mighty Wind,https://nitrateonline.com/2003/rwind.html,Nitrate Online
tt0301727,Winged Migration,https://nitrateonline.com/2003/rwinged.html,Nitrate Online
tt1462050,In This World,https://nitrateonline.com/2003/rworld.html,Nitrate Online
tt0295700,Wrong Turn,https://nitrateonline.com/2003/rwrong.html,Nitrate Online
tt0290334,X2,https://nitrateonline.com/2003/rx2.html,Nitrate Online
tt0337563,13 Going on 30,https://nitrateonline.com/2004/r13.html,Nitrate Online
tt0318974,The Alamo,https://nitrateonline.com/2004/ralamo.html,Nitrate Online
tt0036659,Bon Voyage,https://nitrateonline.com/2004/rbonvoyage.html,Nitrate Online
tt0315824,The Big Bounce,https://nitrateonline.com/2004/rbounce.html,Nitrate Online
tt0289879,The Butterfly Effect,https://nitrateonline.com/2004/rbutterfly.html,Nitrate Online
tt0307109,The Lost Skeleton of Cadavra,https://nitrateonline.com/2004/rcadavra.html,Nitrate Online
tt0363547,Dawn of the Dead,https://nitrateonline.com/2004/rdawn.html,Nitrate Online
tt0319262,The Day After Tomorrow,https://nitrateonline.com/2004/rday.html,Nitrate Online
tt0425774,The Dreamers,https://nitrateonline.com/2004/rdreamers.html,Nitrate Online
tt0327679,Ella Enchanted,https://nitrateonline.com/2004/rella.html,Nitrate Online
tt0326856,Envy,https://nitrateonline.com/2004/renvy.html,Nitrate Online
tt0356150,Eurotrip,https://nitrateonline.com/2004/reurotrip.html,Nitrate Online
tt0095492,Fight Circle,https://nitrateonline.com/2004/rfight.html,Nitrate Online
tt0304141,Harry Potter and the Prisoner of Azkaban,https://nitrateonline.com/2004/rharrypotter3.html,Nitrate Online
tt0350028,Raising Helen,https://nitrateonline.com/2004/rhelen.html,Nitrate Online
tt0489102,Hiding and Seeking,https://nitrateonline.com/2004/rhide.html,Nitrate Online
tt0405048,Intermission,https://nitrateonline.com/2004/rintermission.html,Nitrate Online
tt0300051,Jersey Girl,https://nitrateonline.com/2004/rjersey.html,Nitrate Online
tt0304229,Japanese Story,https://nitrateonline.com/2004/rjstory.html,Nitrate Online
tt0378194,Kill Bill: Vol. 2,https://nitrateonline.com/2004/rkillbill2.html,Nitrate Online
tt0335245,The Ladykillers,https://nitrateonline.com/2004/rladykillers.html,Nitrate Online
tt0377092,Mean Girls,https://nitrateonline.com/2004/rmeangirls.html,Nitrate Online
tt0349825,Miracle,https://nitrateonline.com/2004/rmiracle.html,Nitrate Online
tt0331632,Monster,https://nitrateonline.com/2004/rmonster.html,Nitrate Online
tt0477117,NOI,https://nitrateonline.com/2004/rnoi.html,Nitrate Online
tt0368913,Osama,https://nitrateonline.com/2004/rosama.html,Nitrate Online
tt0335345,The Passion of the Christ,https://nitrateonline.com/2004/rpassion-1.html,Nitrate Online
tt0335345,The Passion of the Christ,https://nitrateonline.com/2004/rpassion-2.html,Nitrate Online
tt0314498,The Perfect Score,https://nitrateonline.com/2004/rperfect.html,Nitrate Online
tt0296572,The Chronicles of Riddick,https://nitrateonline.com/2004/rriddick.html,Nitrate Online
tt0332375,Saved!,https://nitrateonline.com/2004/rsaved.html,Nitrate Online
tt0331632,Scooby-Doo 2: Monsters Unleashed,https://nitrateonline.com/2004/rscooby2-2.html,Nitrate Online
tt0331632,Scooby-Doo 2: Monsters Unleashed,https://nitrateonline.com/2004/rscooby2.html,Nitrate Online
tt0363988,Secret Window,https://nitrateonline.com/2004/rsecret.html,Nitrate Online
tt0365957,You Got Served,https://nitrateonline.com/2004/rserved.html,Nitrate Online
tt0298148,Shrek 2,https://nitrateonline.com/2004/rshrek2.html,Nitrate Online
tt0360009,Spartan,https://nitrateonline.com/2004/rspartan.html,Nitrate Online
tt0327162,The Stepford Wives,https://nitrateonline.com/2004/rstepford.html,Nitrate Online
tt0338013,Eternal Sunshine of the Spotless Mind,https://nitrateonline.com/2004/rsunshine.html,Nitrate Online
tt0390521,Super Size Me,https://nitrateonline.com/2004/rsuper.html,Nitrate Online
tt0055926,Sweet Ecstasy,https://nitrateonline.com/2004/rsweetec.html,Nitrate Online
tt0364045,Taking Lives,https://nitrateonline.com/2004/rtaking.html,Nitrate Online
tt0315297,Twisted,https://nitrateonline.com/2004/rtwisted-1.html,Nitrate Online
tt0315297,Twisted,https://nitrateonline.com/2004/rtwisted-2.html,Nitrate Online
tt0408144,Touching the Void,https://nitrateonline.com/2004/rvoid.html,Nitrate Online
