page,title,imdb_reviews_xml,page_jsonld_sameAs
1997/rhorse.html,Year of the Horse,tt0017463,tt0120539
1998/rgwtw.html,Gone With The Wind,tt0169364,tt0031381
1998/rphantom.html,Phantoms,tt0120915,tt0119891
1998/rwrong.html,Wrongfully Accused,tt0295700,tt0120901
1999/ranalyze.html,Analyze This,tt0289848,tt0122933
1999/rsunday.html,Any Given Sunday,tt0280491,tt0146838
1999/rdeepend.html,Deep End of the Ocean,tt0250323,tt0120646
1999/rrunaway.html,Runaway Bride,tt0313542,tt0163187
1999/rbones.html,The Bone Collector,tt0166110,tt0145681
1999/rcradle.html,The Cradle Will Rock,tt0306685,tt0150216
2000/r28days.html,28 Days,tt0339542,tt0191754
2000/raffair.html,An Affair of Love,tt0242252,tt0204709
2000/rbeyondmat.html,Beyond the Mat,tt0328832,tt0218043
2000/rcharlie.html,Charlie&amp;#x27;s Angels,tt0270707,tt0160127
2000/rdancer.html,Dancer in the Dark,tt0118926,tt0168629
2000/rhuman.html,Human Traffic,tt0308383,tt0188674
2000/rmars.html,Mission to Mars,tt0228333,tt0183523
2000/rdeath.html,Mr. Death,tt0810922,tt0192335
2000/rfriday.html,Next Friday,tt0390022,tt0195945
2000/rvisit.html,The Visit,tt0027413,tt0199129
2000/rwaking.html,Waking the Dead,tt0243017,tt0127349
2001/rfamous.html,Everybody&amp;#x27;s Famous,tt0181875,tt0209037
2001/rbehind.html,Left Behind,tt2467046,tt0190524
2001/rcold.html,Out Cold,tt0159365,tt0253798
2001/rpearl.html,Pearl Harbor,tt0335119,tt0213149
2001/ranimal.html,The Animal,tt0246593,tt0255798
2001/rfast.html,The Fast and the Furious,tt0238924,tt0232500
2001/rglass.html,The Glass House,tt0323944,tt0221218
2001/rking.html,The King is Alive,tt0167260,tt0208911
2001/rresort.html,The Last Resort,tt1824929,tt0258761
2001/rresort2.html,The Last Resort,tt1824929,tt0258761
2001/rwedding.html,The Wedding Planner,tt0328828,tt0209475
2001/rsand.html,Under the Sand,tt0315983,tt0240913
2002/rleaving.html,Before Leaving,tt4520134,tt0087888
2002/rfriday.html,Friday After Next,tt0390022,tt0293815
2002/rhollywood.html,Hollywood Ending,tt0329717,tt0278823
2002/rmetropolis.html,Metropolis,tt0295526,tt0293416
2002/rmonsters.html,Monster&amp;#x27;s Ball,tt0198781,tt0285742
2002/rsunshine.html,Sunshine State,tt0338013,tt0286179
2002/rphoto.html,War Photographer,tt0043068,tt0309061
2003/rworld.html,In This World,tt1462050,tt0310154
2003/rman.html,Man on the Train,tt0243133,tt0301414
2003/reye.html,The Eye,tt0120662,tt0325655
2003/r13.html,Thirteen,tt0337563,tt0328538
2004/rhide.html,Hiding and Seeking,tt0489102,tt0398103
2004/rnoi.html,NOI,tt0477117,tt0351461
